title,abstract,author,year,category
Advanced Study 1: Artificial Intelligence for Modern Research,"This paper investigates artificial intelligence techniques with focus on intelligent agents reasoning planning knowledge representation. The study presents experimental evaluation, benchmark comparisons, and implications for AI data learning workflows in academic and industrial environments.",Dr. Author 1,2011,Artificial Intelligence
Advanced Study 2: Machine Learning for Modern Research,"This paper investigates machine learning techniques with focus on supervised unsupervised models optimization training data. The study presents experimental evaluation, benchmark comparisons, and implications for AI data learning workflows in academic and industrial environments.",Dr. Author 2,2012,Machine Learning
Advanced Study 3: Data Science for Modern Research,"This paper investigates data science techniques with focus on data analytics statistics visualization pipeline insights. The study presents experimental evaluation, benchmark comparisons, and implications for AI data learning workflows in academic and industrial environments.",Dr. Author 3,2013,Data Science
Advanced Study 4: Computer Vision for Modern Research,"This paper investigates computer vision techniques with focus on image recognition object detection feature extraction. The study presents experimental evaluation, benchmark comparisons, and implications for AI data learning workflows in academic and industrial environments.",Dr. Author 4,2014,Computer Vision
Advanced Study 5: Natural Language Processing for Modern Research,"This paper investigates natural language processing techniques with focus on language models text mining semantic understanding. The study presents experimental evaluation, benchmark comparisons, and implications for AI data learning workflows in academic and industrial environments.",Dr. Author 5,2015,Natural Language Processing
Advanced Study 6: Information Retrieval for Modern Research,"This paper investigates information retrieval techniques with focus on query expansion indexing ranking retrieval feedback. The study presents experimental evaluation, benchmark comparisons, and implications for AI data learning workflows in academic and industrial environments.",Dr. Author 6,2016,Information Retrieval
Advanced Study 7: Cybersecurity for Modern Research,"This paper investigates cybersecurity techniques with focus on network security anomaly detection threat intelligence. The study presents experimental evaluation, benchmark comparisons, and implications for AI data learning workflows in academic and industrial environments.",Dr. Author 7,2017,Cybersecurity
Advanced Study 8: Cloud Computing for Modern Research,"This paper investigates cloud computing techniques with focus on distributed systems virtualization scalable infrastructure. The study presents experimental evaluation, benchmark comparisons, and implications for AI data learning workflows in academic and industrial environments.",Dr. Author 8,2018,Cloud Computing
Advanced Study 9: Robotics for Modern Research,"This paper investigates robotics techniques with focus on autonomous navigation control sensors path planning. The study presents experimental evaluation, benchmark comparisons, and implications for AI data learning workflows in academic and industrial environments.",Dr. Author 9,2019,Robotics
Advanced Study 10: Bioinformatics for Modern Research,"This paper investigates bioinformatics techniques with focus on genomic data sequence analysis biological networks. The study presents experimental evaluation, benchmark comparisons, and implications for AI data learning workflows in academic and industrial environments.",Dr. Author 10,2020,Bioinformatics
Advanced Study 11: Artificial Intelligence for Modern Research,"This paper investigates artificial intelligence techniques with focus on intelligent agents reasoning planning knowledge representation. The study presents experimental evaluation, benchmark comparisons, and implications for AI data learning workflows in academic and industrial environments.",Dr. Author 11,2021,Artificial Intelligence
Advanced Study 12: Machine Learning for Modern Research,"This paper investigates machine learning techniques with focus on supervised unsupervised models optimization training data. The study presents experimental evaluation, benchmark comparisons, and implications for AI data learning workflows in academic and industrial environments.",Dr. Author 12,2022,Machine Learning
Advanced Study 13: Data Science for Modern Research,"This paper investigates data science techniques with focus on data analytics statistics visualization pipeline insights. The study presents experimental evaluation, benchmark comparisons, and implications for AI data learning workflows in academic and industrial environments.",Dr. Author 13,2023,Data Science
Advanced Study 14: Computer Vision for Modern Research,"This paper investigates computer vision techniques with focus on image recognition object detection feature extraction. The study presents experimental evaluation, benchmark comparisons, and implications for AI data learning workflows in academic and industrial environments.",Dr. Author 14,2024,Computer Vision
Advanced Study 15: Natural Language Processing for Modern Research,"This paper investigates natural language processing techniques with focus on language models text mining semantic understanding. The study presents experimental evaluation, benchmark comparisons, and implications for AI data learning workflows in academic and industrial environments.",Dr. Author 15,2010,Natural Language Processing
Advanced Study 16: Information Retrieval for Modern Research,"This paper investigates information retrieval techniques with focus on query expansion indexing ranking retrieval feedback. The study presents experimental evaluation, benchmark comparisons, and implications for AI data learning workflows in academic and industrial environments.",Dr. Author 16,2011,Information Retrieval
Advanced Study 17: Cybersecurity for Modern Research,"This paper investigates cybersecurity techniques with focus on network security anomaly detection threat intelligence. The study presents experimental evaluation, benchmark comparisons, and implications for AI data learning workflows in academic and industrial environments.",Dr. Author 17,2012,Cybersecurity
Advanced Study 18: Cloud Computing for Modern Research,"This paper investigates cloud computing techniques with focus on distributed systems virtualization scalable infrastructure. The study presents experimental evaluation, benchmark comparisons, and implications for AI data learning workflows in academic and industrial environments.",Dr. Author 18,2013,Cloud Computing
Advanced Study 19: Robotics for Modern Research,"This paper investigates robotics techniques with focus on autonomous navigation control sensors path planning. The study presents experimental evaluation, benchmark comparisons, and implications for AI data learning workflows in academic and industrial environments.",Dr. Author 19,2014,Robotics
Advanced Study 20: Bioinformatics for Modern Research,"This paper investigates bioinformatics techniques with focus on genomic data sequence analysis biological networks. The study presents experimental evaluation, benchmark comparisons, and implications for AI data learning workflows in academic and industrial environments.",Dr. Author 20,2015,Bioinformatics
Advanced Study 21: Artificial Intelligence for Modern Research,"This paper investigates artificial intelligence techniques with focus on intelligent agents reasoning planning knowledge representation. The study presents experimental evaluation, benchmark comparisons, and implications for AI data learning workflows in academic and industrial environments.",Dr. Author 21,2016,Artificial Intelligence
Advanced Study 22: Machine Learning for Modern Research,"This paper investigates machine learning techniques with focus on supervised unsupervised models optimization training data. The study presents experimental evaluation, benchmark comparisons, and implications for AI data learning workflows in academic and industrial environments.",Dr. Author 22,2017,Machine Learning
Advanced Study 23: Data Science for Modern Research,"This paper investigates data science techniques with focus on data analytics statistics visualization pipeline insights. The study presents experimental evaluation, benchmark comparisons, and implications for AI data learning workflows in academic and industrial environments.",Dr. Author 23,2018,Data Science
Advanced Study 24: Computer Vision for Modern Research,"This paper investigates computer vision techniques with focus on image recognition object detection feature extraction. The study presents experimental evaluation, benchmark comparisons, and implications for AI data learning workflows in academic and industrial environments.",Dr. Author 24,2019,Computer Vision
Advanced Study 25: Natural Language Processing for Modern Research,"This paper investigates natural language processing techniques with focus on language models text mining semantic understanding. The study presents experimental evaluation, benchmark comparisons, and implications for AI data learning workflows in academic and industrial environments.",Dr. Author 25,2020,Natural Language Processing
Advanced Study 26: Information Retrieval for Modern Research,"This paper investigates information retrieval techniques with focus on query expansion indexing ranking retrieval feedback. The study presents experimental evaluation, benchmark comparisons, and implications for AI data learning workflows in academic and industrial environments.",Dr. Author 26,2021,Information Retrieval
Advanced Study 27: Cybersecurity for Modern Research,"This paper investigates cybersecurity techniques with focus on network security anomaly detection threat intelligence. The study presents experimental evaluation, benchmark comparisons, and implications for AI data learning workflows in academic and industrial environments.",Dr. Author 27,2022,Cybersecurity
Advanced Study 28: Cloud Computing for Modern Research,"This paper investigates cloud computing techniques with focus on distributed systems virtualization scalable infrastructure. The study presents experimental evaluation, benchmark comparisons, and implications for AI data learning workflows in academic and industrial environments.",Dr. Author 28,2023,Cloud Computing
Advanced Study 29: Robotics for Modern Research,"This paper investigates robotics techniques with focus on autonomous navigation control sensors path planning. The study presents experimental evaluation, benchmark comparisons, and implications for AI data learning workflows in academic and industrial environments.",Dr. Author 29,2024,Robotics
Advanced Study 30: Bioinformatics for Modern Research,"This paper investigates bioinformatics techniques with focus on genomic data sequence analysis biological networks. The study presents experimental evaluation, benchmark comparisons, and implications for AI data learning workflows in academic and industrial environments.",Dr. Author 30,2010,Bioinformatics
Advanced Study 31: Artificial Intelligence for Modern Research,"This paper investigates artificial intelligence techniques with focus on intelligent agents reasoning planning knowledge representation. The study presents experimental evaluation, benchmark comparisons, and implications for AI data learning workflows in academic and industrial environments.",Dr. Author 31,2011,Artificial Intelligence
Advanced Study 32: Machine Learning for Modern Research,"This paper investigates machine learning techniques with focus on supervised unsupervised models optimization training data. The study presents experimental evaluation, benchmark comparisons, and implications for AI data learning workflows in academic and industrial environments.",Dr. Author 32,2012,Machine Learning
Advanced Study 33: Data Science for Modern Research,"This paper investigates data science techniques with focus on data analytics statistics visualization pipeline insights. The study presents experimental evaluation, benchmark comparisons, and implications for AI data learning workflows in academic and industrial environments.",Dr. Author 33,2013,Data Science
Advanced Study 34: Computer Vision for Modern Research,"This paper investigates computer vision techniques with focus on image recognition object detection feature extraction. The study presents experimental evaluation, benchmark comparisons, and implications for AI data learning workflows in academic and industrial environments.",Dr. Author 34,2014,Computer Vision
Advanced Study 35: Natural Language Processing for Modern Research,"This paper investigates natural language processing techniques with focus on language models text mining semantic understanding. The study presents experimental evaluation, benchmark comparisons, and implications for AI data learning workflows in academic and industrial environments.",Dr. Author 35,2015,Natural Language Processing
Advanced Study 36: Information Retrieval for Modern Research,"This paper investigates information retrieval techniques with focus on query expansion indexing ranking retrieval feedback. The study presents experimental evaluation, benchmark comparisons, and implications for AI data learning workflows in academic and industrial environments.",Dr. Author 36,2016,Information Retrieval
Advanced Study 37: Cybersecurity for Modern Research,"This paper investigates cybersecurity techniques with focus on network security anomaly detection threat intelligence. The study presents experimental evaluation, benchmark comparisons, and implications for AI data learning workflows in academic and industrial environments.",Dr. Author 37,2017,Cybersecurity
Advanced Study 38: Cloud Computing for Modern Research,"This paper investigates cloud computing techniques with focus on distributed systems virtualization scalable infrastructure. The study presents experimental evaluation, benchmark comparisons, and implications for AI data learning workflows in academic and industrial environments.",Dr. Author 38,2018,Cloud Computing
Advanced Study 39: Robotics for Modern Research,"This paper investigates robotics techniques with focus on autonomous navigation control sensors path planning. The study presents experimental evaluation, benchmark comparisons, and implications for AI data learning workflows in academic and industrial environments.",Dr. Author 39,2019,Robotics
Advanced Study 40: Bioinformatics for Modern Research,"This paper investigates bioinformatics techniques with focus on genomic data sequence analysis biological networks. The study presents experimental evaluation, benchmark comparisons, and implications for AI data learning workflows in academic and industrial environments.",Dr. Author 40,2020,Bioinformatics
Advanced Study 41: Artificial Intelligence for Modern Research,"This paper investigates artificial intelligence techniques with focus on intelligent agents reasoning planning knowledge representation. The study presents experimental evaluation, benchmark comparisons, and implications for AI data learning workflows in academic and industrial environments.",Dr. Author 41,2021,Artificial Intelligence
Advanced Study 42: Machine Learning for Modern Research,"This paper investigates machine learning techniques with focus on supervised unsupervised models optimization training data. The study presents experimental evaluation, benchmark comparisons, and implications for AI data learning workflows in academic and industrial environments.",Dr. Author 42,2022,Machine Learning
Advanced Study 43: Data Science for Modern Research,"This paper investigates data science techniques with focus on data analytics statistics visualization pipeline insights. The study presents experimental evaluation, benchmark comparisons, and implications for AI data learning workflows in academic and industrial environments.",Dr. Author 43,2023,Data Science
Advanced Study 44: Computer Vision for Modern Research,"This paper investigates computer vision techniques with focus on image recognition object detection feature extraction. The study presents experimental evaluation, benchmark comparisons, and implications for AI data learning workflows in academic and industrial environments.",Dr. Author 44,2024,Computer Vision
Advanced Study 45: Natural Language Processing for Modern Research,"This paper investigates natural language processing techniques with focus on language models text mining semantic understanding. The study presents experimental evaluation, benchmark comparisons, and implications for AI data learning workflows in academic and industrial environments.",Dr. Author 45,2010,Natural Language Processing
Advanced Study 46: Information Retrieval for Modern Research,"This paper investigates information retrieval techniques with focus on query expansion indexing ranking retrieval feedback. The study presents experimental evaluation, benchmark comparisons, and implications for AI data learning workflows in academic and industrial environments.",Dr. Author 46,2011,Information Retrieval
Advanced Study 47: Cybersecurity for Modern Research,"This paper investigates cybersecurity techniques with focus on network security anomaly detection threat intelligence. The study presents experimental evaluation, benchmark comparisons, and implications for AI data learning workflows in academic and industrial environments.",Dr. Author 47,2012,Cybersecurity
Advanced Study 48: Cloud Computing for Modern Research,"This paper investigates cloud computing techniques with focus on distributed systems virtualization scalable infrastructure. The study presents experimental evaluation, benchmark comparisons, and implications for AI data learning workflows in academic and industrial environments.",Dr. Author 48,2013,Cloud Computing
Advanced Study 49: Robotics for Modern Research,"This paper investigates robotics techniques with focus on autonomous navigation control sensors path planning. The study presents experimental evaluation, benchmark comparisons, and implications for AI data learning workflows in academic and industrial environments.",Dr. Author 49,2014,Robotics
Advanced Study 50: Bioinformatics for Modern Research,"This paper investigates bioinformatics techniques with focus on genomic data sequence analysis biological networks. The study presents experimental evaluation, benchmark comparisons, and implications for AI data learning workflows in academic and industrial environments.",Dr. Author 50,2015,Bioinformatics
Advanced Study 51: Artificial Intelligence for Modern Research,"This paper investigates artificial intelligence techniques with focus on intelligent agents reasoning planning knowledge representation. The study presents experimental evaluation, benchmark comparisons, and implications for AI data learning workflows in academic and industrial environments.",Dr. Author 51,2016,Artificial Intelligence
Advanced Study 52: Machine Learning for Modern Research,"This paper investigates machine learning techniques with focus on supervised unsupervised models optimization training data. The study presents experimental evaluation, benchmark comparisons, and implications for AI data learning workflows in academic and industrial environments.",Dr. Author 52,2017,Machine Learning
Advanced Study 53: Data Science for Modern Research,"This paper investigates data science techniques with focus on data analytics statistics visualization pipeline insights. The study presents experimental evaluation, benchmark comparisons, and implications for AI data learning workflows in academic and industrial environments.",Dr. Author 53,2018,Data Science
Advanced Study 54: Computer Vision for Modern Research,"This paper investigates computer vision techniques with focus on image recognition object detection feature extraction. The study presents experimental evaluation, benchmark comparisons, and implications for AI data learning workflows in academic and industrial environments.",Dr. Author 54,2019,Computer Vision
Advanced Study 55: Natural Language Processing for Modern Research,"This paper investigates natural language processing techniques with focus on language models text mining semantic understanding. The study presents experimental evaluation, benchmark comparisons, and implications for AI data learning workflows in academic and industrial environments.",Dr. Author 55,2020,Natural Language Processing
Advanced Study 56: Information Retrieval for Modern Research,"This paper investigates information retrieval techniques with focus on query expansion indexing ranking retrieval feedback. The study presents experimental evaluation, benchmark comparisons, and implications for AI data learning workflows in academic and industrial environments.",Dr. Author 56,2021,Information Retrieval
Advanced Study 57: Cybersecurity for Modern Research,"This paper investigates cybersecurity techniques with focus on network security anomaly detection threat intelligence. The study presents experimental evaluation, benchmark comparisons, and implications for AI data learning workflows in academic and industrial environments.",Dr. Author 57,2022,Cybersecurity
Advanced Study 58: Cloud Computing for Modern Research,"This paper investigates cloud computing techniques with focus on distributed systems virtualization scalable infrastructure. The study presents experimental evaluation, benchmark comparisons, and implications for AI data learning workflows in academic and industrial environments.",Dr. Author 58,2023,Cloud Computing
Advanced Study 59: Robotics for Modern Research,"This paper investigates robotics techniques with focus on autonomous navigation control sensors path planning. The study presents experimental evaluation, benchmark comparisons, and implications for AI data learning workflows in academic and industrial environments.",Dr. Author 59,2024,Robotics
Advanced Study 60: Bioinformatics for Modern Research,"This paper investigates bioinformatics techniques with focus on genomic data sequence analysis biological networks. The study presents experimental evaluation, benchmark comparisons, and implications for AI data learning workflows in academic and industrial environments.",Dr. Author 60,2010,Bioinformatics
Advanced Study 61: Artificial Intelligence for Modern Research,"This paper investigates artificial intelligence techniques with focus on intelligent agents reasoning planning knowledge representation. The study presents experimental evaluation, benchmark comparisons, and implications for AI data learning workflows in academic and industrial environments.",Dr. Author 61,2011,Artificial Intelligence
Advanced Study 62: Machine Learning for Modern Research,"This paper investigates machine learning techniques with focus on supervised unsupervised models optimization training data. The study presents experimental evaluation, benchmark comparisons, and implications for AI data learning workflows in academic and industrial environments.",Dr. Author 62,2012,Machine Learning
Advanced Study 63: Data Science for Modern Research,"This paper investigates data science techniques with focus on data analytics statistics visualization pipeline insights. The study presents experimental evaluation, benchmark comparisons, and implications for AI data learning workflows in academic and industrial environments.",Dr. Author 63,2013,Data Science
Advanced Study 64: Computer Vision for Modern Research,"This paper investigates computer vision techniques with focus on image recognition object detection feature extraction. The study presents experimental evaluation, benchmark comparisons, and implications for AI data learning workflows in academic and industrial environments.",Dr. Author 64,2014,Computer Vision
Advanced Study 65: Natural Language Processing for Modern Research,"This paper investigates natural language processing techniques with focus on language models text mining semantic understanding. The study presents experimental evaluation, benchmark comparisons, and implications for AI data learning workflows in academic and industrial environments.",Dr. Author 65,2015,Natural Language Processing
Advanced Study 66: Information Retrieval for Modern Research,"This paper investigates information retrieval techniques with focus on query expansion indexing ranking retrieval feedback. The study presents experimental evaluation, benchmark comparisons, and implications for AI data learning workflows in academic and industrial environments.",Dr. Author 66,2016,Information Retrieval
Advanced Study 67: Cybersecurity for Modern Research,"This paper investigates cybersecurity techniques with focus on network security anomaly detection threat intelligence. The study presents experimental evaluation, benchmark comparisons, and implications for AI data learning workflows in academic and industrial environments.",Dr. Author 67,2017,Cybersecurity
Advanced Study 68: Cloud Computing for Modern Research,"This paper investigates cloud computing techniques with focus on distributed systems virtualization scalable infrastructure. The study presents experimental evaluation, benchmark comparisons, and implications for AI data learning workflows in academic and industrial environments.",Dr. Author 68,2018,Cloud Computing
Advanced Study 69: Robotics for Modern Research,"This paper investigates robotics techniques with focus on autonomous navigation control sensors path planning. The study presents experimental evaluation, benchmark comparisons, and implications for AI data learning workflows in academic and industrial environments.",Dr. Author 69,2019,Robotics
Advanced Study 70: Bioinformatics for Modern Research,"This paper investigates bioinformatics techniques with focus on genomic data sequence analysis biological networks. The study presents experimental evaluation, benchmark comparisons, and implications for AI data learning workflows in academic and industrial environments.",Dr. Author 70,2020,Bioinformatics
Advanced Study 71: Artificial Intelligence for Modern Research,"This paper investigates artificial intelligence techniques with focus on intelligent agents reasoning planning knowledge representation. The study presents experimental evaluation, benchmark comparisons, and implications for AI data learning workflows in academic and industrial environments.",Dr. Author 71,2021,Artificial Intelligence
Advanced Study 72: Machine Learning for Modern Research,"This paper investigates machine learning techniques with focus on supervised unsupervised models optimization training data. The study presents experimental evaluation, benchmark comparisons, and implications for AI data learning workflows in academic and industrial environments.",Dr. Author 72,2022,Machine Learning
Advanced Study 73: Data Science for Modern Research,"This paper investigates data science techniques with focus on data analytics statistics visualization pipeline insights. The study presents experimental evaluation, benchmark comparisons, and implications for AI data learning workflows in academic and industrial environments.",Dr. Author 73,2023,Data Science
Advanced Study 74: Computer Vision for Modern Research,"This paper investigates computer vision techniques with focus on image recognition object detection feature extraction. The study presents experimental evaluation, benchmark comparisons, and implications for AI data learning workflows in academic and industrial environments.",Dr. Author 74,2024,Computer Vision
Advanced Study 75: Natural Language Processing for Modern Research,"This paper investigates natural language processing techniques with focus on language models text mining semantic understanding. The study presents experimental evaluation, benchmark comparisons, and implications for AI data learning workflows in academic and industrial environments.",Dr. Author 75,2010,Natural Language Processing
Advanced Study 76: Information Retrieval for Modern Research,"This paper investigates information retrieval techniques with focus on query expansion indexing ranking retrieval feedback. The study presents experimental evaluation, benchmark comparisons, and implications for AI data learning workflows in academic and industrial environments.",Dr. Author 76,2011,Information Retrieval
Advanced Study 77: Cybersecurity for Modern Research,"This paper investigates cybersecurity techniques with focus on network security anomaly detection threat intelligence. The study presents experimental evaluation, benchmark comparisons, and implications for AI data learning workflows in academic and industrial environments.",Dr. Author 77,2012,Cybersecurity
Advanced Study 78: Cloud Computing for Modern Research,"This paper investigates cloud computing techniques with focus on distributed systems virtualization scalable infrastructure. The study presents experimental evaluation, benchmark comparisons, and implications for AI data learning workflows in academic and industrial environments.",Dr. Author 78,2013,Cloud Computing
Advanced Study 79: Robotics for Modern Research,"This paper investigates robotics techniques with focus on autonomous navigation control sensors path planning. The study presents experimental evaluation, benchmark comparisons, and implications for AI data learning workflows in academic and industrial environments.",Dr. Author 79,2014,Robotics
Advanced Study 80: Bioinformatics for Modern Research,"This paper investigates bioinformatics techniques with focus on genomic data sequence analysis biological networks. The study presents experimental evaluation, benchmark comparisons, and implications for AI data learning workflows in academic and industrial environments.",Dr. Author 80,2015,Bioinformatics
Advanced Study 81: Artificial Intelligence for Modern Research,"This paper investigates artificial intelligence techniques with focus on intelligent agents reasoning planning knowledge representation. The study presents experimental evaluation, benchmark comparisons, and implications for AI data learning workflows in academic and industrial environments.",Dr. Author 81,2016,Artificial Intelligence
Advanced Study 82: Machine Learning for Modern Research,"This paper investigates machine learning techniques with focus on supervised unsupervised models optimization training data. The study presents experimental evaluation, benchmark comparisons, and implications for AI data learning workflows in academic and industrial environments.",Dr. Author 82,2017,Machine Learning
Advanced Study 83: Data Science for Modern Research,"This paper investigates data science techniques with focus on data analytics statistics visualization pipeline insights. The study presents experimental evaluation, benchmark comparisons, and implications for AI data learning workflows in academic and industrial environments.",Dr. Author 83,2018,Data Science
Advanced Study 84: Computer Vision for Modern Research,"This paper investigates computer vision techniques with focus on image recognition object detection feature extraction. The study presents experimental evaluation, benchmark comparisons, and implications for AI data learning workflows in academic and industrial environments.",Dr. Author 84,2019,Computer Vision
Advanced Study 85: Natural Language Processing for Modern Research,"This paper investigates natural language processing techniques with focus on language models text mining semantic understanding. The study presents experimental evaluation, benchmark comparisons, and implications for AI data learning workflows in academic and industrial environments.",Dr. Author 85,2020,Natural Language Processing
Advanced Study 86: Information Retrieval for Modern Research,"This paper investigates information retrieval techniques with focus on query expansion indexing ranking retrieval feedback. The study presents experimental evaluation, benchmark comparisons, and implications for AI data learning workflows in academic and industrial environments.",Dr. Author 86,2021,Information Retrieval
Advanced Study 87: Cybersecurity for Modern Research,"This paper investigates cybersecurity techniques with focus on network security anomaly detection threat intelligence. The study presents experimental evaluation, benchmark comparisons, and implications for AI data learning workflows in academic and industrial environments.",Dr. Author 87,2022,Cybersecurity
Advanced Study 88: Cloud Computing for Modern Research,"This paper investigates cloud computing techniques with focus on distributed systems virtualization scalable infrastructure. The study presents experimental evaluation, benchmark comparisons, and implications for AI data learning workflows in academic and industrial environments.",Dr. Author 88,2023,Cloud Computing
Advanced Study 89: Robotics for Modern Research,"This paper investigates robotics techniques with focus on autonomous navigation control sensors path planning. The study presents experimental evaluation, benchmark comparisons, and implications for AI data learning workflows in academic and industrial environments.",Dr. Author 89,2024,Robotics
Advanced Study 90: Bioinformatics for Modern Research,"This paper investigates bioinformatics techniques with focus on genomic data sequence analysis biological networks. The study presents experimental evaluation, benchmark comparisons, and implications for AI data learning workflows in academic and industrial environments.",Dr. Author 90,2010,Bioinformatics
Advanced Study 91: Artificial Intelligence for Modern Research,"This paper investigates artificial intelligence techniques with focus on intelligent agents reasoning planning knowledge representation. The study presents experimental evaluation, benchmark comparisons, and implications for AI data learning workflows in academic and industrial environments.",Dr. Author 91,2011,Artificial Intelligence
Advanced Study 92: Machine Learning for Modern Research,"This paper investigates machine learning techniques with focus on supervised unsupervised models optimization training data. The study presents experimental evaluation, benchmark comparisons, and implications for AI data learning workflows in academic and industrial environments.",Dr. Author 92,2012,Machine Learning
Advanced Study 93: Data Science for Modern Research,"This paper investigates data science techniques with focus on data analytics statistics visualization pipeline insights. The study presents experimental evaluation, benchmark comparisons, and implications for AI data learning workflows in academic and industrial environments.",Dr. Author 93,2013,Data Science
Advanced Study 94: Computer Vision for Modern Research,"This paper investigates computer vision techniques with focus on image recognition object detection feature extraction. The study presents experimental evaluation, benchmark comparisons, and implications for AI data learning workflows in academic and industrial environments.",Dr. Author 94,2014,Computer Vision
Advanced Study 95: Natural Language Processing for Modern Research,"This paper investigates natural language processing techniques with focus on language models text mining semantic understanding. The study presents experimental evaluation, benchmark comparisons, and implications for AI data learning workflows in academic and industrial environments.",Dr. Author 95,2015,Natural Language Processing
Advanced Study 96: Information Retrieval for Modern Research,"This paper investigates information retrieval techniques with focus on query expansion indexing ranking retrieval feedback. The study presents experimental evaluation, benchmark comparisons, and implications for AI data learning workflows in academic and industrial environments.",Dr. Author 96,2016,Information Retrieval
Advanced Study 97: Cybersecurity for Modern Research,"This paper investigates cybersecurity techniques with focus on network security anomaly detection threat intelligence. The study presents experimental evaluation, benchmark comparisons, and implications for AI data learning workflows in academic and industrial environments.",Dr. Author 97,2017,Cybersecurity
Advanced Study 98: Cloud Computing for Modern Research,"This paper investigates cloud computing techniques with focus on distributed systems virtualization scalable infrastructure. The study presents experimental evaluation, benchmark comparisons, and implications for AI data learning workflows in academic and industrial environments.",Dr. Author 98,2018,Cloud Computing
Advanced Study 99: Robotics for Modern Research,"This paper investigates robotics techniques with focus on autonomous navigation control sensors path planning. The study presents experimental evaluation, benchmark comparisons, and implications for AI data learning workflows in academic and industrial environments.",Dr. Author 99,2019,Robotics
Advanced Study 100: Bioinformatics for Modern Research,"This paper investigates bioinformatics techniques with focus on genomic data sequence analysis biological networks. The study presents experimental evaluation, benchmark comparisons, and implications for AI data learning workflows in academic and industrial environments.",Dr. Author 100,2020,Bioinformatics
Advanced Study 101: Artificial Intelligence for Modern Research,"This paper investigates artificial intelligence techniques with focus on intelligent agents reasoning planning knowledge representation. The study presents experimental evaluation, benchmark comparisons, and implications for AI data learning workflows in academic and industrial environments.",Dr. Author 101,2021,Artificial Intelligence
Advanced Study 102: Machine Learning for Modern Research,"This paper investigates machine learning techniques with focus on supervised unsupervised models optimization training data. The study presents experimental evaluation, benchmark comparisons, and implications for AI data learning workflows in academic and industrial environments.",Dr. Author 102,2022,Machine Learning
Advanced Study 103: Data Science for Modern Research,"This paper investigates data science techniques with focus on data analytics statistics visualization pipeline insights. The study presents experimental evaluation, benchmark comparisons, and implications for AI data learning workflows in academic and industrial environments.",Dr. Author 103,2023,Data Science
Advanced Study 104: Computer Vision for Modern Research,"This paper investigates computer vision techniques with focus on image recognition object detection feature extraction. The study presents experimental evaluation, benchmark comparisons, and implications for AI data learning workflows in academic and industrial environments.",Dr. Author 104,2024,Computer Vision
Advanced Study 105: Natural Language Processing for Modern Research,"This paper investigates natural language processing techniques with focus on language models text mining semantic understanding. The study presents experimental evaluation, benchmark comparisons, and implications for AI data learning workflows in academic and industrial environments.",Dr. Author 105,2010,Natural Language Processing
Advanced Study 106: Information Retrieval for Modern Research,"This paper investigates information retrieval techniques with focus on query expansion indexing ranking retrieval feedback. The study presents experimental evaluation, benchmark comparisons, and implications for AI data learning workflows in academic and industrial environments.",Dr. Author 106,2011,Information Retrieval
Advanced Study 107: Cybersecurity for Modern Research,"This paper investigates cybersecurity techniques with focus on network security anomaly detection threat intelligence. The study presents experimental evaluation, benchmark comparisons, and implications for AI data learning workflows in academic and industrial environments.",Dr. Author 107,2012,Cybersecurity
Advanced Study 108: Cloud Computing for Modern Research,"This paper investigates cloud computing techniques with focus on distributed systems virtualization scalable infrastructure. The study presents experimental evaluation, benchmark comparisons, and implications for AI data learning workflows in academic and industrial environments.",Dr. Author 108,2013,Cloud Computing
Advanced Study 109: Robotics for Modern Research,"This paper investigates robotics techniques with focus on autonomous navigation control sensors path planning. The study presents experimental evaluation, benchmark comparisons, and implications for AI data learning workflows in academic and industrial environments.",Dr. Author 109,2014,Robotics
Advanced Study 110: Bioinformatics for Modern Research,"This paper investigates bioinformatics techniques with focus on genomic data sequence analysis biological networks. The study presents experimental evaluation, benchmark comparisons, and implications for AI data learning workflows in academic and industrial environments.",Dr. Author 110,2015,Bioinformatics
Advanced Study 111: Artificial Intelligence for Modern Research,"This paper investigates artificial intelligence techniques with focus on intelligent agents reasoning planning knowledge representation. The study presents experimental evaluation, benchmark comparisons, and implications for AI data learning workflows in academic and industrial environments.",Dr. Author 111,2016,Artificial Intelligence
Advanced Study 112: Machine Learning for Modern Research,"This paper investigates machine learning techniques with focus on supervised unsupervised models optimization training data. The study presents experimental evaluation, benchmark comparisons, and implications for AI data learning workflows in academic and industrial environments.",Dr. Author 112,2017,Machine Learning
Advanced Study 113: Data Science for Modern Research,"This paper investigates data science techniques with focus on data analytics statistics visualization pipeline insights. The study presents experimental evaluation, benchmark comparisons, and implications for AI data learning workflows in academic and industrial environments.",Dr. Author 113,2018,Data Science
Advanced Study 114: Computer Vision for Modern Research,"This paper investigates computer vision techniques with focus on image recognition object detection feature extraction. The study presents experimental evaluation, benchmark comparisons, and implications for AI data learning workflows in academic and industrial environments.",Dr. Author 114,2019,Computer Vision
Advanced Study 115: Natural Language Processing for Modern Research,"This paper investigates natural language processing techniques with focus on language models text mining semantic understanding. The study presents experimental evaluation, benchmark comparisons, and implications for AI data learning workflows in academic and industrial environments.",Dr. Author 115,2020,Natural Language Processing
Advanced Study 116: Information Retrieval for Modern Research,"This paper investigates information retrieval techniques with focus on query expansion indexing ranking retrieval feedback. The study presents experimental evaluation, benchmark comparisons, and implications for AI data learning workflows in academic and industrial environments.",Dr. Author 116,2021,Information Retrieval
Advanced Study 117: Cybersecurity for Modern Research,"This paper investigates cybersecurity techniques with focus on network security anomaly detection threat intelligence. The study presents experimental evaluation, benchmark comparisons, and implications for AI data learning workflows in academic and industrial environments.",Dr. Author 117,2022,Cybersecurity
Advanced Study 118: Cloud Computing for Modern Research,"This paper investigates cloud computing techniques with focus on distributed systems virtualization scalable infrastructure. The study presents experimental evaluation, benchmark comparisons, and implications for AI data learning workflows in academic and industrial environments.",Dr. Author 118,2023,Cloud Computing
Advanced Study 119: Robotics for Modern Research,"This paper investigates robotics techniques with focus on autonomous navigation control sensors path planning. The study presents experimental evaluation, benchmark comparisons, and implications for AI data learning workflows in academic and industrial environments.",Dr. Author 119,2024,Robotics
Advanced Study 120: Bioinformatics for Modern Research,"This paper investigates bioinformatics techniques with focus on genomic data sequence analysis biological networks. The study presents experimental evaluation, benchmark comparisons, and implications for AI data learning workflows in academic and industrial environments.",Dr. Author 120,2010,Bioinformatics
